{
    "chassy_C_front_guide_srt": [
        [
            0.0, 
            31.65699005126953, 
            112.17697525024414
        ], 
        [
            0.0, 
            0.0, 
            0.0
        ]
    ], 
    "chassy_C_mid_guide_srt": [
        [
            0.0, 
            111.36607641706726, 
            -15.307214736938477
        ], 
        [
            0.0, 
            0.0, 
            0.0
        ]
    ], 
    "chassy_C_rear_guide_srt": [
        [
            0.0, 
            31.656978607177734, 
            -142.7914047241211
        ], 
        [
            0.0, 
            0.0, 
            0.0
        ]
    ], 
    "chassy_L_bank_guide_srt": [
        [
            79.90407180786133, 
            31.656984329223633, 
            -15.307214736938477
        ], 
        [
            0.0, 
            0.0, 
            0.0
        ]
    ], 
    "chassy_R_bank_guide_srt": [
        [
            -79.90407180786133, 
            31.656984329223633, 
            -15.307214736938477
        ], 
        [
            0.0, 
            0.0, 
            0.0
        ]
    ], 
    "god_C_main_guide_srt": [
        [
            0.0, 
            0.0, 
            0.0
        ], 
        [
            0.0, 
            0.0, 
            0.0
        ]
    ], 
    "rod_L_front_base_guide_srt": [
        [
            35.356821060180664, 
            21.894493103027344, 
            108.92711639404297
        ], 
        [
            1.5010131284753419, 
            -6.202915733614928, 
            -13.631847657403675
        ]
    ], 
    "rod_L_front_tip_guide_srt": [
        [
            65.3695297241211, 
            14.61599349975586, 
            112.28363800048828
        ], 
        [
            178.49898687152438, 
            6.202915733614916, 
            166.36815234259626
        ]
    ], 
    "rod_L_rear_base_guide_srt": [
        [
            38.04553413391113, 
            16.414179801940918, 
            -143.32849884033203
        ], 
        [
            -4.796873841946514, 
            -0.028105822637291847, 
            -1.0055872904776548
        ]
    ], 
    "rod_L_rear_tip_guide_srt": [
        [
            70.67029211525757, 
            15.841530102391374, 
            -143.31249265305806
        ], 
        [
            184.8716778063963, 
            0.028105822637291746, 
            178.99441270952198
        ]
    ], 
    "rod_R_front_base_guide_srt": [
        [
            -35.356821060180664, 
            21.894493103027344, 
            108.92711639404297
        ], 
        [
            -1.5010131284753419, 
            6.202915733614929, 
            13.631847657403673
        ]
    ], 
    "rod_R_front_tip_guide_srt": [
        [
            -65.36952972412108, 
            14.61599349975586, 
            112.2836380004883
        ], 
        [
            1.501013128475345, 
            186.2029157336149, 
            13.631847657403673
        ]
    ], 
    "rod_R_rear_base_guide_srt": [
        [
            -38.04553413391113, 
            16.414179801940918, 
            -143.32849884033203
        ], 
        [
            4.796873841946513, 
            0.028105822637291864, 
            1.005587290477655
        ]
    ], 
    "rod_R_rear_tip_guide_srt": [
        [
            -70.67029211525757, 
            15.841530102391374, 
            -143.31249265305806
        ], 
        [
            175.12832219360374, 
            -0.02810582263729174, 
            -178.99441270952198
        ]
    ], 
    "vehicle_C_body_guide_srt": [
        [
            0.0, 
            11.95951681300491, 
            0.0
        ], 
        [
            0.0, 
            0.0, 
            0.0
        ]
    ], 
    "wheel_L_front_bankIn_guide_srt": [
        [
            -10.76431419283145, 
            0.0, 
            0.0
        ], 
        [
            0.0, 
            0.0, 
            0.0
        ]
    ], 
    "wheel_L_front_bankOut_guide_srt": [
        [
            12.395286969813313, 
            0.0, 
            0.0
        ], 
        [
            0.0, 
            0.0, 
            0.0
        ]
    ], 
    "wheel_L_front_guide_srt": [
        [
            79.1049062183706, 
            -0.8864278797710625, 
            112.57739748879314
        ], 
        [
            0.0, 
            0.0, 
            0.0
        ]
    ], 
    "wheel_L_front_rodIn_guide_srt": [
        [
            -48.73857853663021, 
            22.889698096324086, 
            9.368676812372676
        ], 
        [
            -0.002598531852435004, 
            -6.403779979299943, 
            0.023298014699236178
        ]
    ], 
    "wheel_L_front_rodOut_guide_srt": [
        [
            -13.209354536852047, 
            22.904145241221258, 
            13.356291628638502
        ], 
        [
            0.002598532420775515, 
            173.59622002070006, 
            0.023298014699237583
        ]
    ], 
    "wheel_L_front_rotation_guide_srt": [
        [
            1.1949785777719768, 
            32.53760814710505, 
            -0.39864840432048254
        ], 
        [
            0.0, 
            0.0, 
            0.0
        ]
    ], 
    "wheel_L_rear_bankIn_guide_srt": [
        [
            12.499906573145495, 
            0.0, 
            2.842170943040401e-14
        ], 
        [
            0.0, 
            -179.99999999999994, 
            0.0
        ]
    ], 
    "wheel_L_rear_bankOut_guide_srt": [
        [
            -10.489203388104997, 
            5.551115123125783e-17, 
            8.526512829121202e-14
        ], 
        [
            0.0, 
            -179.99999999999994, 
            0.0
        ]
    ], 
    "wheel_L_rear_guide_srt": [
        [
            80.97594304482527, 
            -0.4524383544921875, 
            -142.94419758426773
        ], 
        [
            0.0, 
            179.9999999999999, 
            0.0
        ]
    ], 
    "wheel_L_rear_rodIn_guide_srt": [
        [
            38.980581716700264, 
            30.064146041870117, 
            -3.1459492932522153
        ], 
        [
            0.3269908026314247, 
            4.597, 
            -4.073001616965151
        ]
    ], 
    "wheel_L_rear_rodOut_guide_srt": [
        [
            13.212255911036209, 
            31.899038314819336, 
            -1.0687550793849425
        ], 
        [
            179.67300919736616, 
            -4.597, 
            175.92699838303486
        ]
    ], 
    "wheel_L_rear_rotation_guide_srt": [
        [
            0.6760124723155059, 
            32.10360622406006, 
            -0.15456287967788285
        ], 
        [
            -0.0, 
            2.175889182107348e-13, 
            -0.0
        ]
    ], 
    "wheel_R_front_bankIn_guide_srt": [
        [
            10.76431419283145, 
            0.0, 
            0.0
        ], 
        [
            0.0, 
            179.99999999999991, 
            0.0
        ]
    ], 
    "wheel_R_front_bankOut_guide_srt": [
        [
            -12.395286969813313, 
            0.0, 
            0.0
        ], 
        [
            0.0, 
            -179.99999999999994, 
            0.0
        ]
    ], 
    "wheel_R_front_guide_srt": [
        [
            -79.1049062183706, 
            -0.8864278797710625, 
            112.57739748879314
        ], 
        [
            0.0, 
            0.0, 
            0.0
        ]
    ], 
    "wheel_R_front_rodIn_guide_srt": [
        [
            48.73857853663021, 
            22.889698096324086, 
            9.368676812372684
        ], 
        [
            0.002598531852435004, 
            6.404, 
            -0.02329801469923619
        ]
    ], 
    "wheel_R_front_rodOut_guide_srt": [
        [
            13.209354536852047, 
            22.904145241221258, 
            13.356291628638502
        ], 
        [
            179.99740146757924, 
            -6.404, 
            179.97670198530076
        ]
    ],