{
    "chassy_C_front_guide_srt": [
        [
            0.0, 
            31.65699005126953, 
            112.17697525024414
        ], 
        [
            0.0, 
            0.0, 
            0.0
        ]
    ], 
    "chassy_C_mid_guide_srt": [
        [
            0.0, 
            111.36607641706726, 
            -15.307214736938477
        ], 
        [
            0.0, 
            0.0, 
            0.0
        ]
    ], 
    "chassy_C_rear_guide_srt": [
        [
            0.0, 
            31.656978607177734, 
            -142.7914047241211
        ], 
        [
            0.0, 
            0.0, 
            0.0
        ]
    ], 
    "chassy_L_bank_guide_srt": [
        [
            79.90407180786133, 
            31.656984329223633, 
            -15.307214736938477
        ], 
        [
            0.0, 
            0.0, 
            0.0
        ]
    ], 
    "chassy_R_bank_guide_srt": [
        [
            -79.90407180786133, 
            31.656984329223633, 
            -15.307214736938477
        ], 
        [
            0.0, 
            0.0, 
            0.0
        ]
    ], 
    "god_C_main_guide_srt": [
        [
            0.0, 
            0.0, 
            0.0
        ], 
        [
            0.0, 
            0.0, 
            0.0
        ]
    ], 
    "vehicle_C_body_guide_srt": [
        [
            0.0, 
            11.95951681300491, 
            0.0
        ], 
        [
            0.0, 
            0.0, 
            0.0
        ]
    ], 
    "wheel_L_front_bankIn_guide_srt": [
        [
            -10.76431419283145, 
            0.0, 
            0.0
        ], 
        [
            0.0, 
            0.0, 
            0.0
        ]
    ], 
    "wheel_L_front_bankOut_guide_srt": [
        [
            12.395286969813313, 
            0.0, 
            0.0
        ], 
        [
            0.0, 
            0.0, 
            0.0
        ]
    ], 
    "wheel_L_front_guide_srt": [
        [
            79.1049062183706, 
            -0.8864278797710625, 
            112.57739748879314
        ], 
        [
            0.0, 
            0.0, 
            0.0
        ]
    ], 
    "wheel_L_front_rodIn_guide_srt": [
        [
            -48.73857853663021, 
            22.889698096324086, 
            9.368676812372676
        ], 
        [
            -0.002598531852435004, 
            -6.403779979299943, 
            0.023298014699236178
        ]
    ], 
    "wheel_L_front_rodOut_guide_srt": [
        [
            -13.209354536852047, 
            22.904145241221258, 
            13.356291628638502
        ], 
        [
            0.002598532420775515, 
            173.59622002070006, 
            0.023298014699237583
        ]
    ], 
    "wheel_L_front_rotation_guide_srt": [
        [
            1.1949785777719768, 
            32.53760814710505, 
            -0.39864840432048254
        ], 
        [
            0.0, 
            0.0, 
            0.0
        ]
    ], 
    "wheel_L_rear_bankIn_guide_srt": [
        [
            12.499906573145495, 
            0.0, 
            2.842170943040401e-14
        ], 
        [
            0.0, 
            -179.99999999999994, 
            0.0
        ]
    ], 
    "wheel_L_rear_bankOut_guide_srt": [
        [
            -10.489203388104997, 
            5.551115123125783e-17, 
            8.526512829121202e-14
        ], 
        [
            0.0, 
            -179.99999999999994, 
            0.0
        ]
    ], 
    "wheel_L_rear_guide_srt": [
        [
            80.97594304482527, 
            -0.4524383544921875, 
            -142.94419758426773
        ], 
        [
            0.0, 
            179.9999999999999, 
            0.0
        ]
    ], 
    "wheel_L_rear_rodIn_guide_srt": [
        [
            38.980581716700264, 
            30.064146041870117, 
            -3.1459492932522153
        ], 
        [
            0.3269908026314247, 
            4.597, 
            -4.073001616965151
        ]
    ], 
    "wheel_L_rear_rodOut_guide_srt": [
        [
            13.212255911036209, 
            31.899038314819336, 
            -1.0687550793849425
        ], 
        [
            179.67300919736616, 
            -4.597, 
            175.92699838303486
        ]
    ], 
    "wheel_L_rear_rotation_guide_srt": [
        [
            0.6760124723155059, 
            32.10360622406006, 
            -0.15456287967788285
        ], 
        [
            -0.0, 
            2.175889182107348e-13, 
            -0.0
        ]
    ], 
    "wheel_R_front_bankIn_guide_srt": [
        [
            10.76431419283145, 
            0.0, 
            0.0
        ], 
        [
            0.0, 
            179.99999999999991, 
            0.0
        ]
    ], 
    "wheel_R_front_bankOut_guide_srt": [
        [
            -12.395286969813313, 
            0.0, 
            0.0
        ], 
        [
            0.0, 
            -179.99999999999994, 
            0.0
        ]
    ], 
    "wheel_R_front_guide_srt": [
        [
            -79.1049062183706, 
            -0.8864278797710625, 
            112.57739748879314
        ], 
        [
            0.0, 
            0.0, 
            0.0
        ]
    ], 
    "wheel_R_front_rodIn_guide_srt": [
        [
            48.73857853663021, 
            22.889698096324086, 
            9.368676812372684
        ], 
        [
            0.002598531852435004, 
            6.404, 
            -0.02329801469923619
        ]
    ], 
    "wheel_R_front_rodOut_guide_srt": [
        [
            13.209354536852047, 
            22.904145241221258, 
            13.356291628638502
        ], 
        [
            179.99740146757924, 
            -6.404, 
            179.97670198530076
        ]
    ], 
    "wheel_R_front_rotation_guide_srt": [
        [
            -1.1949785777719768, 
            32.53760814710505, 
            -0.39864840432048254
        ], 
        [
            0.0, 
            -0.0, 
            0.0
        ]
    ], 
    "wheel_R_rear_bankIn_guide_srt": [
        [
            -12.499906573145495, 
            6.162975822039155e-33, 
            5.684341886080802e-14
        ], 
        [
            0.0, 
            0.0, 
            0.0
        ]
    ], 
    "wheel_R_rear_bankOut_guide_srt": [
        [
            10.489203388104997, 
            5.551115123125783e-17, 
            2.842170943040401e-14
        ], 
        [
            0.0, 
            0.0, 
            0.0
        ]
    ], 
    "wheel_R_rear_guide_srt": [
        [
            -80.97594304482527, 
            -0.4524383544921875, 
            -142.94419758426773
        ], 
        [
            0.0, 
            179.9999999999999, 
            0.0
        ]
    ], 
    "wheel_R_rear_rodIn_guide_srt": [
        [
            -38.98058171670028, 
            30.064146041870117, 
            -3.145949293252073
        ], 
        [
            -0.326990802631407, 
            -4.5970787857922035, 
            4.073001616965167
        ]
    ], 
    "wheel_R_rear_rodOut_guide_srt": [
        [
            -13.212255911036209, 
            31.899038314819336, 
            -1.068755079384914
        ], 
        [
            0.32699080263384966, 
            175.40292121420765, 
            4.073001616965152
        ]
    ], 
    "wheel_R_rear_rotation_guide_srt": [
        [
            -0.6760124723155059, 
            32.10360622406006, 
            -0.15456287967788285
        ], 
        [
            0.0, 
            0.0, 
            0.0
        ]
    ]
}