{
    "chain_C_backWagon_base_ctrl_srt": {
        "chain_C_backWagon_base_ctrl_srtShape.cv[0]": [
            137.32425561259868, 
            62.93647670745841, 
            1170.5425631077164
        ], 
        "chain_C_backWagon_base_ctrl_srtShape.cv[1]": [
            -137.32507958720726, 
            62.93647670745841, 
            1170.5425631077164
        ], 
        "chain_C_backWagon_base_ctrl_srtShape.cv[2]": [
            -137.32507958720726, 
            62.93647670745841, 
            895.8932279079104
        ], 
        "chain_C_backWagon_base_ctrl_srtShape.cv[3]": [
            137.32425561259868, 
            62.93647670745841, 
            895.8932279079104
        ], 
        "chain_C_backWagon_base_ctrl_srtShape.cv[4]": [
            137.32425561259868, 
            62.93647670745841, 
            1170.5425631077164
        ]
    }, 
    "chain_C_backWagon_tip_ctrl_srt": {
        "chain_C_backWagon_tip_ctrl_srtShape.cv[0]": [
            137.32524743388774, 
            56.97411632537833, 
            2822.969442990529
        ], 
        "chain_C_backWagon_tip_ctrl_srtShape.cv[1]": [
            -137.3240877659182, 
            56.97411632537833, 
            2822.969442990529
        ], 
        "chain_C_backWagon_tip_ctrl_srtShape.cv[2]": [
            -137.3240877659182, 
            56.97411632537833, 
            2548.320107790723
        ], 
        "chain_C_backWagon_tip_ctrl_srtShape.cv[3]": [
            137.32524743388774, 
            56.97411632537833, 
            2548.320107790723
        ], 
        "chain_C_backWagon_tip_ctrl_srtShape.cv[4]": [
            137.32524743388774, 
            56.97411632537833, 
            2822.969442990529
        ]
    }, 
    "chain_C_frontWagon_base_ctrl_srt": {
        "chain_C_frontWagon_base_ctrl_srtShape.cv[0]": [
            137.32507958720757, 
            62.93647670745843, 
            -895.893227907909
        ], 
        "chain_C_frontWagon_base_ctrl_srtShape.cv[1]": [
            -137.32425561259836, 
            62.93647670745843, 
            -895.893227907909
        ], 
        "chain_C_frontWagon_base_ctrl_srtShape.cv[2]": [
            -137.32425561259836, 
            62.93647670745843, 
            -1170.542563107715
        ], 
        "chain_C_frontWagon_base_ctrl_srtShape.cv[3]": [
            137.32507958720757, 
            62.93647670745843, 
            -1170.542563107715
        ], 
        "chain_C_frontWagon_base_ctrl_srtShape.cv[4]": [
            137.32507958720757, 
            62.93647670745843, 
            -895.893227907909
        ]
    }, 
    "chain_C_frontWagon_tip_ctrl_srt": {
        "chain_C_frontWagon_tip_ctrl_srtShape.cv[0]": [
            137.32411828349663, 
            56.974116325378354, 
            -2548.3203519313465
        ], 
        "chain_C_frontWagon_tip_ctrl_srtShape.cv[1]": [
            -137.3252169163093, 
            56.974116325378354, 
            -2548.3203519313465
        ], 
        "chain_C_frontWagon_tip_ctrl_srtShape.cv[2]": [
            -137.3252169163093, 
            56.974116325378354, 
            -2822.9696871311526
        ], 
        "chain_C_frontWagon_tip_ctrl_srtShape.cv[3]": [
            137.32411828349663, 
            56.974116325378354, 
            -2822.9696871311526
        ], 
        "chain_C_frontWagon_tip_ctrl_srtShape.cv[4]": [
            137.32411828349663, 
            56.974116325378354, 
            -2548.3203519313465
        ]
    }, 
    "chain_C_midWagon_base_ctrl_srt": {
        "chain_C_midWagon_base_ctrl_srtShape.cv[0]": [
            1.0004119873046164, 
            62.93647670745843, 
            -1032.217895507812
        ], 
        "chain_C_midWagon_base_ctrl_srtShape.cv[1]": [
            -0.9995880126953836, 
            62.93647670745843, 
            -1032.217895507812
        ], 
        "chain_C_midWagon_base_ctrl_srtShape.cv[2]": [
            -0.9995880126953836, 
            62.93647670745843, 
            -1034.217895507812
        ], 
        "chain_C_midWagon_base_ctrl_srtShape.cv[3]": [
            1.0004119873046164, 
            62.93647670745843, 
            -1034.217895507812
        ], 
        "chain_C_midWagon_base_ctrl_srtShape.cv[4]": [
            1.0004119873046164, 
            62.93647670745843, 
            -1032.217895507812
        ]
    }, 
    "chain_C_midWagon_tip_ctrl_srt": {
        "chain_C_midWagon_tip_ctrl_srtShape.cv[0]": [
            0.9995880126957154, 
            62.93647670745841, 
            1034.2178955078134
        ], 
        "chain_C_midWagon_tip_ctrl_srtShape.cv[1]": [
            -1.0004119873042847, 
            62.93647670745841, 
            1034.2178955078134
        ], 
        "chain_C_midWagon_tip_ctrl_srtShape.cv[2]": [
            -1.0004119873042847, 
            62.93647670745841, 
            1032.2178955078134
        ], 
        "chain_C_midWagon_tip_ctrl_srtShape.cv[3]": [
            0.9995880126957154, 
            62.93647670745841, 
            1032.2178955078134
        ], 
        "chain_C_midWagon_tip_ctrl_srtShape.cv[4]": [
            0.9995880126957154, 
            62.93647670745841, 
            1034.2178955078134
        ]
    }, 
    "god_C_main_ctrl_srt": {
        "god_C_main_ctrl_srtShape.cv[0]": [
            444.83833519904096, 
            0.0, 
            617.9061764421488
        ], 
        "god_C_main_ctrl_srtShape.cv[1]": [
            -444.83833519904096, 
            0.0, 
            617.9061764421488
        ], 
        "god_C_main_ctrl_srtShape.cv[2]": [
            -444.83833519904096, 
            0.0, 
            -617.9061764421488
        ], 
        "god_C_main_ctrl_srtShape.cv[3]": [
            444.83833519904096, 
            0.0, 
            -617.9061764421488
        ], 
        "god_C_main_ctrl_srtShape.cv[4]": [
            444.83833519904096, 
            0.0, 
            617.9061764421488
        ]
    }, 
    "wagon_C_backMid_ctrl_srt": {
        "wagon_C_backMid_ctrl_srtShape.cv[0]": [
            4131.764353165885, 
            36.50926486964976, 
            -989.0876399825357
        ], 
        "wagon_C_backMid_ctrl_srtShape.cv[1]": [
            4131.763647328452, 
            36.50937946554701, 
            -987.0876401103704
        ], 
        "wagon_C_backMid_ctrl_srtShape.cv[2]": [
            4131.76361753898, 
            38.5093794620415, 
            -987.087754716788
        ], 
        "wagon_C_backMid_ctrl_srtShape.cv[3]": [
            4131.764323376413, 
            38.50926486614425, 
            -989.0877545889533
        ], 
        "wagon_C_backMid_ctrl_srtShape.cv[4]": [
            4131.764353165885, 
            36.50926486964976, 
            -989.0876399825357
        ]
    }, 
    "wagon_C_back_ctrl_srt": {
        "wagon_C_back_ctrl_srtShape.cv[0]": [
            4131.764353165885, 
            36.509264869649755, 
            -989.0876399825356
        ], 
        "wagon_C_back_ctrl_srtShape.cv[1]": [
            4131.763647328451, 
            36.50937946554701, 
            -987.0876401103703
        ], 
        "wagon_C_back_ctrl_srtShape.cv[2]": [
            4131.76361753898, 
            38.50937946204151, 
            -987.0877547167879
        ], 
        "wagon_C_back_ctrl_srtShape.cv[3]": [
            4131.764323376414, 
            38.50926486614426, 
            -989.0877545889532
        ], 
        "wagon_C_back_ctrl_srtShape.cv[4]": [
            4131.764353165885, 
            36.509264869649755, 
            -989.0876399825356
        ]
    }, 
    "wagon_C_frontMid_ctrl_srt": {
        "wagon_C_frontMid_ctrl_srtShape.cv[0]": [
            4131.764353165885, 
            36.50926486964976, 
            -989.0876399825357
        ], 
        "wagon_C_frontMid_ctrl_srtShape.cv[1]": [
            4131.763647328452, 
            36.50937946554701, 
            -987.0876401103704
        ],