{
    "chain_C_backWagon_base_guide_srt": [
        [
            -0.00041198730428461817, 
            62.93647670745841, 
            1033.2178955078134
        ], 
        [
            0.0, 
            0.0, 
            0.0
        ]
    ], 
    "chain_C_backWagon_tip_guide_srt": [
        [
            0.0005798339847778818, 
            56.97411632537833, 
            2685.644775390626
        ], 
        [
            0.0, 
            0.0, 
            0.0
        ]
    ], 
    "chain_C_frontWagon_base_guide_srt": [
        [
            0.00041198730461640355, 
            62.93647670745843, 
            -1033.217895507812
        ], 
        [
            0.0, 
            0.0, 
            0.0
        ]
    ], 
    "chain_C_frontWagon_tip_guide_srt": [
        [
            -0.0005493164063210964, 
            56.974116325378354, 
            -2685.6450195312495
        ], 
        [
            0.0, 
            0.0, 
            0.0
        ]
    ], 
    "chain_C_midWagon_base_guide_srt": [
        [
            0.00041198730461640355, 
            62.93647670745843, 
            -1033.217895507812
        ], 
        [
            0.0, 
            0.0, 
            0.0
        ]
    ], 
    "chain_C_midWagon_tip_guide_srt": [
        [
            -0.00041198730428461817, 
            62.93647670745841, 
            1033.2178955078134
        ], 
        [
            0.0, 
            0.0, 
            0.0
        ]
    ], 
    "god_C_main_guide_srt": [
        [
            0.0, 
            0.0, 
            0.0
        ], 
        [
            0.0, 
            0.0, 
            0.0
        ]
    ], 
    "wagon_C_backMid_guide_srt": [
        [
            4131.763985352432, 
            37.50932216584563, 
            -988.0876973496619
        ], 
        [
            80.77738093896542, 
            89.97951448066743, 
            -9.2217650761811
        ]
    ], 
    "wagon_C_back_guide_srt": [
        [
            4131.763985352432, 
            37.50932216584563, 
            -988.0876973496619
        ], 
        [
            80.77738093896542, 
            89.97951448066743, 
            -9.2217650761811
        ]
    ], 
    "wagon_C_frontMid_guide_srt": [
        [
            4131.763985352432, 
            37.50932216584563, 
            -988.0876973496619
        ], 
        [
            80.77738093896542, 
            89.97951448066743, 
            -9.2217650761811
        ]
    ], 
    "wagon_C_front_guide_srt": [
        [
            4131.763985352432, 
            37.50932216584563, 
            -988.0876973496619
        ], 
        [
            80.77738093896542, 
            89.97951448066743, 
            -9.2217650761811
        ]
    ], 
    "wagon_C_mid_guide_srt": [
        [
            4131.763985352432, 
            37.50932216584563, 
            -988.0876973496619
        ], 
        [
            80.77738093896542, 
            89.97951448066743, 
            -9.2217650761811
        ]
    ], 
    "wheel_C_back_guide_srt": [
        [
            0.0005798339847778818, 
            56.97411632537833, 
            2685.644775390626
        ], 
        [
            0.0, 
            0.0, 
            0.0
        ]
    ], 
    "wheel_C_front_guide_srt": [
        [
            -0.0005493164063210964, 
            56.974116325378354, 
            -2685.6450195312495
        ], 
        [
            0.0, 
            0.0, 
            0.0
        ]
    ], 
    "wheel_C_midBack_guide_srt": [
        [
            -0.00041198730428461817, 
            62.93647670745841, 
            1033.2178955078134
        ], 
        [
            0.0, 
            0.0, 
            0.0
        ]
    ], 
    "wheel_C_mid_guide_srt": [
        [
            0.00041198730461640355, 
            62.93647670745843, 
            -1033.217895507812
        ], 
        [
            0.0, 
            0.0, 
            0.0
        ]
    ]
}